{
  "cli": {
    "version": ">= 5.0.0",
    "appVersionSource": "local"
  },
  "build": {
    "development": {
      "developmentClient": true,
      "distribution": "internal",
      "ios": {
        "simulator": true
      }
    },
    "preview": {
      "distribution": "internal",
      "android": {
        "buildType": "apk",
        "credentialsSource": "local",
        "withoutCredentials": false
      }
    },
    "production": {
      "autoIncrement": true,
      "ios": {
        "resourceClass": "m1-medium"
      },
      "android": {
        "buildType": "app-bundle"
      }
    }
  },
  "submit": {
    "production": {
      "ios": {
        "appleId": "votre-apple-id@email.com",
        "ascAppId": "votre-app-store-connect-app-id",
        "appleTeamId": "votre-team-id"
      },
      "android": {
        "serviceAccountKeyPath": "./google-service-account.json",
        "track": "production"
      }
    }
  }
}
